<?xml version="1.0" encoding="UTF-8"?>
<project-private xmlns="http://www.netbeans.org/ns/project-private/1">
    <editor-bookmarks xmlns="http://www.netbeans.org/ns/editor-bookmarks/2" lastBookmarkId="0"/>
    <open-files xmlns="http://www.netbeans.org/ns/projectui-open-files/2">
        <group>
            <file>file:/Users/shubhisharma/NetBeansProjects/HealthcareManagement/src/Business/WorkQueue/PharmacyWorkRequest.java</file>
            <file>file:/Users/shubhisharma/NetBeansProjects/HealthcareManagement/src/userinterface/NGO/NGOManageRequestHospitalJPanel.java</file>
            <file>file:/Users/shubhisharma/NetBeansProjects/HealthcareManagement/src/userinterface/AdministrativeRole/AdminWorkAreaJPanel.java</file>
            <file>file:/Users/shubhisharma/NetBeansProjects/HealthcareManagement/src/Business/WorkQueue/NGOWorkRequest.java</file>
            <file>file:/Users/shubhisharma/NetBeansProjects/HealthcareManagement/src/userinterface/Sponsor/SponsorManageNgoRequestJPanel.java</file>
            <file>file:/Users/shubhisharma/NetBeansProjects/HealthcareManagement/src/userinterface/Hospital/HospitalManageEmployeeJPanel.java</file>
            <file>file:/Users/shubhisharma/NetBeansProjects/HealthcareManagement/src/Business/DB4OUtil/DB4OUtil.java</file>
            <file>file:/Users/shubhisharma/NetBeansProjects/HealthcareManagement/src/userinterface/Hospital/HospitalManageNgoRequestJPanel.java</file>
            <file>file:/Users/shubhisharma/NetBeansProjects/HealthcareManagement/src/userinterface/NGO/NGOAdminWorkAreaJPanel.java</file>
            <file>file:/Users/shubhisharma/NetBeansProjects/HealthcareManagement/src/userinterface/SystemAdminWorkAreas/ManageVaccineDirectoryJPanel.java</file>
            <file>file:/Users/shubhisharma/NetBeansProjects/HealthcareManagement/src/Business/Role/NGOAdmin.java</file>
            <file>file:/Users/shubhisharma/NetBeansProjects/HealthcareManagement/src/userinterface/AdministrativeRole/ManageUserAccountJPanel.java</file>
            <file>file:/Users/shubhisharma/NetBeansProjects/HealthcareManagement/src/userinterface/Distributor/Provider/ProviderAdminWorkAreaJPanel.java</file>
            <file>file:/Users/shubhisharma/NetBeansProjects/HealthcareManagement/src/userinterface/Distributor/Supplier/SupplierAdminWorkAreaJPanel.java</file>
            <file>file:/Users/shubhisharma/NetBeansProjects/HealthcareManagement/src/Business/WorkQueue/WorkRequest.java</file>
            <file>file:/Users/shubhisharma/NetBeansProjects/HealthcareManagement/src/userinterface/AdministrativeRole/ManageEmployeeJPanel.java</file>
            <file>file:/Users/shubhisharma/NetBeansProjects/HealthcareManagement/src/userinterface/AdministrativeRole/ManageOrganizationJPanel.java</file>
            <file>file:/Users/shubhisharma/NetBeansProjects/HealthcareManagement/src/userinterface/NGO/NGOManageRequestSponsorJPanel.java</file>
            <file>file:/Users/shubhisharma/NetBeansProjects/HealthcareManagement/src/userinterface/Hospital/HospitalManageUserAccountJPanel.java</file>
            <file>file:/Users/shubhisharma/NetBeansProjects/HealthcareManagement/src/userinterface/Hospital/HospitalManageDoctorsJPanel.java</file>
        </group>
    </open-files>
</project-private>
